fsr,label
614,idle
623,idle
225,idle
779,walking
369,idle
153,idle
1120,walking
2455,heavy_step
3403,heavy_step
3539,heavy_step
3529,heavy_step
3399,heavy_step
3241,heavy_step
33,idle
0,idle
979,walking
864,walking
792,walking
995,walking
103,idle
0,idle
0,idle
0,idle
720,walking
618,idle
1670,heavy_step
1623,heavy_step
2767,heavy_step
3037,heavy_step
3205,heavy_step
3243,heavy_step
3026,heavy_step
1535,heavy_step
724,walking
0,idle
0,idle
0,idle
2032,heavy_step
735,walking
496,idle
1193,walking
663,idle
640,idle
816,walking
554,idle
625,idle
530,idle
1169,walking
1914,heavy_step
992,walking
766,walking
1226,walking
1561,heavy_step
826,walking
733,walking
0,idle
0,idle
0,idle
2355,heavy_step
2383,heavy_step
0,idle
1633,heavy_step
0,idle
1869,heavy_step
0,idle
2160,heavy_step
0,idle
531,idle
0,idle
2737,heavy_step
0,idle
182,idle
1470,walking
0,idle
2794,heavy_step
0,idle
2801,heavy_step
0,idle
2475,heavy_step
0,idle
2559,heavy_step
0,idle
2367,heavy_step
0,idle
2187,heavy_step
0,idle
2239,heavy_step
0,idle
2757,heavy_step
0,idle
2448,heavy_step
0,idle
0,idle
0,idle
0,idle
0,idle
0,idle
0,idle
0,idle
0,idle
0,idle
0,idle
0,idle
0,idle
0,idle
610,idle
3088,heavy_step
687,idle
0,idle
1565,heavy_step
0,idle
747,walking
0,idle
0,idle
0,idle
74,idle
16,idle
48,idle
118,idle
64,idle
816,walking
828,walking
1906,heavy_step
2559,heavy_step
490,idle
844,walking
0,idle
832,walking
0,idle
799,walking
0,idle
1642,heavy_step
688,idle
634,idle
429,idle
0,idle
0,idle
0,idle
0,idle
0,idle
0,idle
0,idle
81,idle
89,idle
41,idle
0,idle
43,idle
0,idle
0,idle
0,idle
0,idle
0,idle
0,idle
0,idle
0,idle
0,idle
0,idle
434,idle
624,idle
719,walking
697,idle
497,idle
368,idle
318,idle
214,idle
0,idle
596,idle
0,idle
0,idle
0,idle
0,idle
0,idle
0,idle
0,idle
0,idle
0,idle
0,idle
0,idle
0,idle
0,idle
0,idle
23,idle
46,idle
57,idle
59,idle
106,idle
118,idle
115,idle
122,idle
119,idle
0,idle
2512,heavy_step
2416,heavy_step
0,idle
0,idle
0,idle
0,idle
0,idle
0,idle
0,idle
0,idle
0,idle
0,idle
0,idle
0,idle
0,idle
0,idle
0,idle
0,idle
0,idle
0,idle
0,idle
0,idle
0,idle
0,idle
0,idle
0,idle
0,idle
0,idle
0,idle
0,idle
0,idle
0,idle
7,idle
11,idle
11,idle
0,idle
0,idle
0,idle
0,idle
0,idle
0,idle
0,idle
0,idle
0,idle
0,idle
0,idle
0,idle
0,idle
0,idle
0,idle
0,idle
0,idle
0,idle
0,idle
0,idle
0,idle
0,idle
0,idle
0,idle
0,idle
2,idle
0,idle
0,idle
0,idle
2,idle
1,idle
1,idle
18,idle
4,idle
36,idle
29,idle
22,idle
29,idle
12,idle
16,idle
16,idle
20,idle
34,idle
48,idle
37,idle
34,idle
45,idle
51,idle
52,idle
36,idle
41,idle
43,idle
51,idle
34,idle
35,idle
65,idle
80,idle
68,idle
64,idle
80,idle
80,idle
80,idle
69,idle
64,idle
93,idle
80,idle
75,idle
64,idle
75,idle
69,idle
66,idle
81,idle
96,idle
80,idle
86,idle
103,idle
83,idle
81,idle
80,idle
134,idle
133,idle
117,idle
111,idle
109,idle
112,idle
105,idle
148,idle
144,idle
147,idle
171,idle
181,idle
177,idle
144,idle
162,idle
144,idle
157,idle
160,idle
192,idle
194,idle
217,idle
221,idle
215,idle
211,idle
200,idle
216,idle
236,idle
208,idle
209,idle
205,idle
205,idle
209,idle
208,idle
210,idle
195,idle
213,idle
207,idle
217,idle
216,idle
221,idle
211,idle
225,idle
208,idle
190,idle
198,idle
199,idle
209,idle
207,idle
199,idle
202,idle
204,idle
201,idle
195,idle
182,idle
181,idle
183,idle
193,idle
182,idle
193,idle
176,idle
190,idle
196,idle
176,idle
195,idle
191,idle
2351,heavy_step
2119,heavy_step
590,idle
609,idle
606,idle
190,idle
0,idle
0,idle
2581,heavy_step
0,idle
63,idle
41,idle
0,idle
0,idle
0,idle
0,idle
0,idle
0,idle
0,idle
0,idle
0,idle
0,idle
0,idle
0,idle
0,idle
0,idle
0,idle
0,idle
0,idle
0,idle
0,idle
0,idle
0,idle
0,idle
0,idle
0,idle
0,idle
0,idle
0,idle
0,idle
0,idle
0,idle
0,idle
0,idle
0,idle
0,idle
0,idle
0,idle
0,idle
0,idle
0,idle
0,idle
0,idle
0,idle
0,idle
0,idle
0,idle
0,idle
0,idle
0,idle
0,idle
0,idle
0,idle
0,idle
0,idle
0,idle
0,idle
0,idle
29,idle
80,idle
102,idle
94,idle
83,idle
91,idle
80,idle
80,idle
105,idle
99,idle
95,idle
97,idle
97,idle
94,idle
99,idle
103,idle
103,idle
112,idle
115,idle
114,idle
112,idle
109,idle
102,idle
144,idle
142,idle
145,idle
139,idle
144,idle
125,idle
142,idle
142,idle
142,idle
144,idle
130,idle
144,idle
128,idle
129,idle
150,idle
140,idle
162,idle
130,idle
134,idle
131,idle
128,idle
134,idle
128,idle
139,idle
144,idle
121,idle
139,idle
139,idle
137,idle
144,idle
128,idle
137,idle
105,idle
117,idle
120,idle
137,idle
73,idle
89,idle
75,idle
78,idle
68,idle
71,idle
66,idle
77,idle
74,idle
73,idle
61,idle
80,idle
70,idle
62,idle
75,idle
65,idle
65,idle
66,idle
79,idle
69,idle
78,idle
64,idle
71,idle
53,idle
76,idle
62,idle
56,idle
64,idle
64,idle
64,idle
54,idle
67,idle
70,idle
68,idle
58,idle
64,idle
65,idle
63,idle
86,idle
74,idle
61,idle
94,idle
602,idle
1341,walking
1968,heavy_step
560,idle
488,idle
0,idle
173,idle
385,idle
0,idle
2976,heavy_step
2813,heavy_step
1872,heavy_step
798,walking
0,idle
0,idle
0,idle
0,idle
0,idle
0,idle
0,idle
0,idle
0,idle
0,idle
0,idle
0,idle
0,idle
0,idle
0,idle
0,idle
0,idle
0,idle
0,idle
0,idle
0,idle
0,idle
0,idle
0,idle
0,idle
0,idle
0,idle
0,idle
0,idle
0,idle
0,idle
0,idle
0,idle
0,idle
0,idle
0,idle
0,idle
0,idle
0,idle
0,idle
0,idle
97,idle
25,idle
0,idle
0,idle
0,idle
0,idle
0,idle
0,idle
0,idle
0,idle
0,idle
0,idle
134,idle
0,idle
0,idle
0,idle
0,idle
0,idle
0,idle
0,idle
0,idle
0,idle
0,idle
0,idle
0,idle
0,idle
421,idle
156,idle
231,idle
0,idle
0,idle
0,idle
258,idle
166,idle
342,idle
295,idle
317,idle
291,idle
336,idle
286,idle
329,idle
317,idle
349,idle
304,idle
286,idle
301,idle
284,idle
345,idle
250,idle
272,idle
267,idle
257,idle
240,idle
252,idle
269,idle
268,idle
256,idle
222,idle
264,idle
239,idle
252,idle
299,idle
236,idle
268,idle
224,idle
230,idle
222,idle
238,idle
244,idle
208,idle
272,idle
293,idle
231,idle
298,idle
169,idle
223,idle
224,idle
229,idle
245,idle
238,idle
253,idle
251,idle
225,idle
258,idle
229,idle
240,idle
241,idle
245,idle
259,idle
261,idle
291,idle
304,idle
283,idle
231,idle
247,idle
254,idle
236,idle
245,idle
247,idle
243,idle
240,idle
246,idle
230,idle
42,idle
0,idle
0,idle
0,idle
0,idle
0,idle
0,idle
0,idle
0,idle
0,idle
0,idle
0,idle
0,idle
0,idle
0,idle
0,idle
0,idle
0,idle
0,idle
0,idle
0,idle
0,idle
0,idle
0,idle
0,idle
0,idle
0,idle
277,idle
291,idle
363,idle
346,idle
311,idle
253,idle
244,idle
273,idle
299,idle
262,idle
290,idle
263,idle
271,idle
277,idle
285,idle
232,idle
208,idle
208,idle
192,idle
200,idle
194,idle
216,idle
239,idle
215,idle
201,idle
218,idle
209,idle
212,idle
225,idle
234,idle
222,idle
249,idle
206,idle
211,idle
223,idle
230,idle
221,idle
230,idle
227,idle
238,idle
235,idle
248,idle
236,idle
256,idle
251,idle
241,idle
252,idle
240,idle
261,idle
267,idle
256,idle
245,idle
254,idle
269,idle
265,idle
263,idle
315,idle
289,idle
294,idle
299,idle
291,idle
294,idle
305,idle
301,idle
304,idle
269,idle
318,idle
331,idle
336,idle
319,idle
343,idle
320,idle
337,idle
323,idle
320,idle
331,idle
330,idle
332,idle
336,idle
323,idle
336,idle
323,idle
322,idle
337,idle
321,idle
336,idle
339,idle
320,idle
326,idle
321,idle
336,idle
320,idle
336,idle
322,idle
310,idle
307,idle
311,idle
297,idle
285,idle
289,idle
299,idle
319,idle
288,idle
293,idle
296,idle
304,idle
288,idle
296,idle
287,idle
294,idle
301,idle
304,idle
302,idle
304,idle
287,idle
261,idle
304,idle
315,idle
300,idle
289,idle
304,idle
304,idle
304,idle
330,idle
302,idle
307,idle
322,idle
316,idle
323,idle
312,idle
350,idle
317,idle
338,idle
312,idle
359,idle
326,idle
324,idle
320,idle
307,idle
337,idle
337,idle
326,idle
334,idle
334,idle
323,idle
322,idle
308,idle
327,idle
330,idle
320,idle
327,idle
326,idle
338,idle
327,idle
333,idle
319,idle
333,idle
337,idle
336,idle
340,idle
335,idle
327,idle
333,idle
323,idle
321,idle
337,idle
327,idle
330,idle
329,idle
337,idle
331,idle
333,idle
330,idle
328,idle
319,idle
321,idle
318,idle
314,idle
332,idle
316,idle
327,idle
322,idle
328,idle
311,idle
309,idle
314,idle
325,idle
323,idle
321,idle
332,idle
320,idle
325,idle
336,idle
335,idle
339,idle
334,idle
336,idle
336,idle
327,idle
336,idle
324,idle
323,idle
321,idle
330,idle
334,idle
316,idle
332,idle
334,idle
333,idle
336,idle
320,idle
276,idle
337,idle
357,idle
350,idle
355,idle
354,idle
368,idle
357,idle
358,idle
364,idle
368,idle
360,idle
355,idle
357,idle
348,idle
353,idle
367,idle
348,idle
368,idle
334,idle
357,idle
363,idle
374,idle
350,idle
354,idle
368,idle
367,idle
358,idle
368,idle
354,idle
354,idle
362,idle
362,idle
352,idle
369,idle
368,idle
368,idle
345,idle
336,idle
337,idle
357,idle
339,idle
345,idle
348,idle
352,idle
336,idle
339,idle
340,idle
357,idle
347,idle
350,idle
341,idle
339,idle
336,idle
359,idle
341,idle
337,idle
362,idle
343,idle
350,idle
353,idle
339,idle
363,idle
345,idle
356,idle
358,idle
347,idle
346,idle
336,idle
358,idle
351,idle
350,idle
342,idle
339,idle
345,idle
352,idle
364,idle
343,idle
340,idle
341,idle
348,idle
342,idle
353,idle
350,idle
348,idle
357,idle
353,idle
319,idle
344,idle
347,idle
320,idle
350,idle
325,idle
350,idle
359,idle
342,idle
353,idle
336,idle
350,idle
339,idle
354,idle
345,idle
352,idle
347,idle
333,idle
350,idle
341,idle
339,idle
313,idle
346,idle
353,idle
327,idle
342,idle
345,idle
377,idle
374,idle
361,idle
368,idle
374,idle
371,idle
391,idle
363,idle
378,idle
361,idle
384,idle
354,idle
374,idle
377,idle
380,idle
385,idle
387,idle
385,idle
194,idle
182,idle
189,idle
193,idle
187,idle
205,idle
208,idle
183,idle
203,idle
173,idle
207,idle
195,idle
195,idle
210,idle
206,idle
180,idle
193,idle
208,idle
223,idle
223,idle
239,idle
256,idle
256,idle
250,idle
247,idle
254,idle
290,idle
279,idle
295,idle
283,idle
272,idle
284,idle
289,idle
278,idle
290,idle
275,idle
305,idle
289,idle
297,idle
304,idle
320,idle
318,idle
334,idle
334,idle
330,idle
330,idle
323,idle
344,idle
355,idle
355,idle
385,idle
365,idle
359,idle
351,idle
368,idle
347,idle
339,idle
345,idle
338,idle
288,idle
259,idle
278,idle
0,idle
396,idle
3058,heavy_step
3414,heavy_step
3583,heavy_step
3467,heavy_step
3289,heavy_step
3738,heavy_step
333,idle
0,idle
0,idle
0,idle
0,idle
0,idle
0,idle
0,idle
0,idle
0,idle
31,idle
0,idle
0,idle
0,idle
0,idle
0,idle
0,idle
997,walking
1095,walking
956,walking
445,idle
445,idle
490,idle
452,idle
415,idle
352,idle
0,idle
293,idle
185,idle
171,idle
161,idle
151,idle
142,idle
124,idle
176,idle
171,idle
192,idle
144,idle
173,idle
159,idle
163,idle
149,idle
158,idle
131,idle
167,idle
171,idle
161,idle
167,idle
176,idle
154,idle
170,idle
174,idle
174,idle
176,idle
164,idle
178,idle
166,idle
160,idle
159,idle
171,idle
171,idle
188,idle
0,idle
0,idle
0,idle
0,idle
0,idle
0,idle
0,idle
0,idle
0,idle
0,idle
0,idle
8,idle
0,idle
0,idle
49,idle
69,idle
51,idle
60,idle
80,idle
144,idle
173,idle
164,idle
147,idle
186,idle
187,idle
205,idle
213,idle
219,idle
219,idle
245,idle
243,idle
238,idle
257,idle
240,idle
257,idle
237,idle
267,idle
271,idle
266,idle
268,idle
272,idle
256,idle
0,idle
0,idle
0,idle
0,idle
0,idle
0,idle
227,idle
182,idle
192,idle
209,idle
222,idle
194,idle
175,idle
240,idle
233,idle
269,idle
258,idle
239,idle
220,idle
206,idle
201,idle
210,idle
235,idle
231,idle
139,idle
139,idle
190,idle
145,idle
153,idle
156,idle
160,idle
208,idle
224,idle
211,idle
203,idle
219,idle
237,idle
219,idle
223,idle
260,idle
227,idle
234,idle
234,idle
235,idle
219,idle
222,idle
241,idle
234,idle
227,idle
240,idle
235,idle
254,idle
240,idle
257,idle
251,idle
250,idle
241,idle
241,idle
252,idle
246,idle
248,idle
258,idle
229,idle
244,idle
265,idle
256,idle
240,idle
249,idle
259,idle
249,idle
249,idle
253,idle
247,idle
254,idle
251,idle
245,idle
240,idle
240,idle
249,idle
251,idle
247,idle
255,idle
229,idle
238,idle
251,idle
11,idle
0,idle
0,idle
0,idle
0,idle
0,idle
0,idle
0,idle
64,idle
0,idle
0,idle
0,idle
0,idle
0,idle
0,idle
0,idle
0,idle
0,idle
0,idle
0,idle
0,idle
0,idle
0,idle
218,idle
269,idle
324,idle
274,idle
342,idle
344,idle
290,idle
268,idle
279,idle
261,idle
244,idle
235,idle
290,idle
282,idle
261,idle
243,idle
262,idle
267,idle
258,idle
237,idle
224,idle
230,idle
244,idle
228,idle
228,idle
243,idle
243,idle
230,idle
249,idle
257,idle
240,idle
239,idle
256,idle
261,idle
257,idle
155,idle
267,idle
171,idle
246,idle
306,idle
267,idle
266,idle
214,idle
249,idle
243,idle
240,idle
240,idle
253,idle
0,idle
0,idle
48,idle
0,idle
278,idle
323,idle
0,idle
0,idle
0,idle
0,idle
0,idle
0,idle
0,idle
0,idle
0,idle
0,idle
0,idle
0,idle
0,idle
0,idle
0,idle
0,idle
0,idle
0,idle
0,idle
0,idle
0,idle
0,idle
0,idle
0,idle
0,idle
0,idle
0,idle
294,idle
285,idle
309,idle
304,idle
384,idle
398,idle
381,idle
381,idle
387,idle
390,idle
391,idle
394,idle
389,idle
386,idle
389,idle
384,idle
388,idle
400,idle
427,idle
400,idle
432,idle
419,idle
431,idle
421,idle
430,idle
386,idle
423,idle
421,idle
441,idle
403,idle
439,idle
432,idle
432,idle
431,idle
426,idle
390,idle
359,idle
405,idle
385,idle
375,idle
370,idle
385,idle
400,idle
393,idle
381,idle
398,idle
373,idle
381,idle
338,idle
339,idle
362,idle
358,idle
376,idle
375,idle
350,idle
362,idle
377,idle
343,idle
373,idle
372,idle
368,idle
400,idle
369,idle
386,idle
368,idle
369,idle
368,idle
357,idle
363,idle
368,idle
374,idle
338,idle
403,idle
378,idle
386,idle
426,idle
416,idle
368,idle
386,idle
384,idle
385,idle
370,idle
390,idle
404,idle
370,idle
396,idle
387,idle
387,idle
373,idle
388,idle
391,idle
381,idle
395,idle
401,idle
415,idle
404,idle
433,idle
413,idle
402,idle
400,idle
357,idle
401,idle
401,idle
419,idle
419,idle
379,idle
401,idle
394,idle
400,idle
419,idle
393,idle
409,idle
421,idle
401,idle
407,idle
429,idle
415,idle
384,idle
416,idle
406,idle
403,idle
384,idle
384,idle
401,idle
385,idle
387,idle
387,idle
402,idle
405,idle
394,idle
384,idle
384,idle
410,idle
410,idle
389,idle
397,idle
385,idle
402,idle
383,idle
402,idle
404,idle
384,idle
387,idle
352,idle
388,idle
377,idle
398,idle
394,idle
387,idle
396,idle
395,idle
406,idle
405,idle
390,idle
400,idle
419,idle
411,idle
406,idle
426,idle
413,idle
404,idle
400,idle
416,idle
411,idle
402,idle
400,idle
417,idle
407,idle
415,idle
416,idle
402,idle
421,idle
419,idle
416,idle
384,idle
428,idle
413,idle
407,idle
419,idle
417,idle
414,idle
410,idle
406,idle
393,idle
416,idle
403,idle
416,idle
412,idle
400,idle
421,idle
420,idle
400,idle
417,idle
397,idle
417,idle
398,idle
415,idle
414,idle
411,idle
413,idle
414,idle
416,idle
419,idle
416,idle
400,idle
415,idle
400,idle
413,idle
413,idle
413,idle
400,idle
400,idle
418,idle
412,idle
413,idle
368,idle
430,idle
400,idle
423,idle
400,idle
400,idle
403,idle
402,idle
394,idle
413,idle
415,idle
423,idle
416,idle
417,idle
414,idle
416,idle
418,idle
410,idle
419,idle
419,idle
416,idle
399,idle
417,idle
406,idle
432,idle
423,idle
375,idle
369,idle
361,idle
368,idle
380,idle
384,idle
385,idle
385,idle
383,idle
384,idle
421,idle
426,idle
421,idle
414,idle
437,idle
430,idle
458,idle
445,idle
420,idle
420,idle
418,idle
417,idle
431,idle
403,idle
491,idle
428,idle
404,idle
407,idle
433,idle
416,idle
432,idle
429,idle
433,idle
430,idle
436,idle
416,idle
431,idle
435,idle
432,idle
430,idle
432,idle
419,idle
412,idle
410,idle
438,idle
433,idle
443,idle
416,idle
402,idle
416,idle
430,idle
423,idle
416,idle
432,idle
433,idle
420,idle
429,idle
430,idle
410,idle
422,idle
432,idle
449,idle
430,idle
425,idle
423,idle
430,idle
406,idle
432,idle
451,idle
417,idle
416,idle
405,idle
426,idle
400,idle
405,idle
397,idle
417,idle
402,idle
390,idle
400,idle
389,idle
406,idle
397,idle
413,idle
416,idle
410,idle
386,idle
411,idle
395,idle
405,idle
394,idle
426,idle
405,idle
432,idle
394,idle
402,idle
398,idle
400,idle
414,idle
404,idle
401,idle
410,idle
432,idle
400,idle
410,idle
400,idle
417,idle
404,idle
420,idle
407,idle
426,idle
432,idle
432,idle
416,idle
409,idle
413,idle
393,idle
400,idle
417,idle
400,idle
432,idle
422,idle
397,idle
412,idle
419,idle
400,idle
393,idle
390,idle
393,idle
400,idle
414,idle
400,idle
417,idle
413,idle
415,idle
397,idle
397,idle
413,idle
406,idle
432,idle
415,idle
412,idle
390,idle
422,idle
398,idle
397,idle
413,idle
405,idle
411,idle
400,idle
419,idle
414,idle
393,idle
399,idle
409,idle
411,idle
384,idle
404,idle
395,idle
420,idle
393,idle
412,idle
400,idle
415,idle
449,idle
437,idle
425,idle
423,idle
432,idle
432,idle
427,idle
431,idle
425,idle
400,idle
426,idle
407,idle
434,idle
432,idle
432,idle
408,idle
442,idle
422,idle
432,idle
438,idle
425,idle
425,idle
428,idle
433,idle
352,idle
391,idle
402,idle
421,idle
407,idle
412,idle
375,idle
368,idle
395,idle
445,idle
405,idle
418,idle
333,idle
388,idle
427,idle
394,idle
407,idle
405,idle
409,idle
400,idle
370,idle
409,idle
417,idle
403,idle
398,idle
411,idle
407,idle
400,idle
403,idle
401,idle
381,idle
406,idle
447,idle
397,idle
397,idle
414,idle
414,idle
401,idle
403,idle
408,idle
400,idle
398,idle
399,idle
403,idle
400,idle
400,idle
413,idle
411,idle
416,idle
364,idle
360,idle
365,idle
371,idle
405,idle
359,idle
410,idle
384,idle
355,idle
371,idle
365,idle
364,idle
362,idle
361,idle
374,idle
355,idle
363,idle
378,idle
376,idle
427,idle
366,idle
362,idle
381,idle
406,idle
377,idle
387,idle
383,idle
379,idle
364,idle
387,idle
378,idle
373,idle
367,idle
376,idle
381,idle
368,idle
368,idle
377,idle
339,idle
358,idle
336,idle
352,idle
368,idle
333,idle
340,idle
358,idle
338,idle
355,idle
359,idle
354,idle
327,idle
358,idle
343,idle
325,idle
365,idle
343,idle
357,idle
352,idle
342,idle
338,idle
357,idle
349,idle
341,idle
332,idle
345,idle
356,idle
347,idle
347,idle
353,idle
353,idle
354,idle
351,idle
348,idle
349,idle
353,idle
339,idle
346,idle
359,idle
353,idle
380,idle
347,idle
337,idle
354,idle
352,idle
343,idle
365,idle
337,idle
337,idle
357,idle
347,idle
370,idle
339,idle
352,idle
336,idle
357,idle
358,idle
362,idle
366,idle
366,idle
356,idle
343,idle
338,idle
374,idle
353,idle
356,idle
367,idle
388,idle
370,idle
340,idle
352,idle
351,idle
350,idle
339,idle
370,idle
368,idle
381,idle
359,idle
351,idle
353,idle
367,idle
366,idle
347,idle
346,idle
365,idle
367,idle
359,idle
371,idle
343,idle
350,idle
384,idle
366,idle
357,idle
358,idle
353,idle
370,idle
359,idle
364,idle
376,idle
345,idle
345,idle
354,idle
368,idle
368,idle
368,idle
363,idle
368,idle
355,idle
369,idle
366,idle
368,idle
368,idle
347,idle
358,idle
368,idle
362,idle
361,idle
362,idle
382,idle
370,idle
366,idle
367,idle
377,idle
366,idle
377,idle
362,idle
378,idle
361,idle
367,idle
361,idle
365,idle
377,idle
368,idle
373,idle
405,idle
355,idle
358,idle
373,idle
375,idle
371,idle
366,idle
368,idle
359,idle
351,idle
382,idle
381,idle
380,idle
364,idle
368,idle
357,idle
381,idle
368,idle
379,idle
358,idle
364,idle
370,idle
373,idle
323,idle
325,idle
384,idle
373,idle
367,idle
369,idle
365,idle
348,idle
367,idle
373,idle
370,idle
361,idle
351,idle
368,idle
373,idle
354,idle
364,idle
380,idle
368,idle
368,idle
357,idle
368,idle
373,idle
384,idle
367,idle
389,idle
381,idle
318,idle
384,idle
374,idle
405,idle
355,idle
375,idle
384,idle
356,idle
377,idle
378,idle
294,idle
385,idle
394,idle
377,idle
411,idle
379,idle
384,idle
382,idle
377,idle
382,idle
383,idle
368,idle
377,idle
368,idle
366,idle
391,idle
400,idle
368,idle
384,idle
406,idle
382,idle
382,idle
384,idle
382,idle
395,idle
375,idle
388,idle
381,idle
389,idle
400,idle
385,idle
382,idle
381,idle
354,idle
322,idle
354,idle
367,idle
358,idle
375,idle
385,idle
350,idle
370,idle
370,idle
368,idle
368,idle
373,idle
361,idle
317,idle
327,idle
348,idle
365,idle
357,idle
365,idle
327,idle
379,idle
357,idle
368,idle
337,idle
378,idle
358,idle
377,idle
381,idle
383,idle
395,idle
382,idle
379,idle
375,idle
375,idle
390,idle
391,idle
395,idle
403,idle
387,idle
375,idle
387,idle
346,idle
356,idle
368,idle
369,idle
361,idle
395,idle
374,idle
368,idle
363,idle
385,idle
362,idle
373,idle
370,idle
368,idle
359,idle
336,idle
352,idle
368,idle
342,idle
347,idle
379,idle
347,idle
320,idle
354,idle
367,idle
355,idle
367,idle
337,idle
335,idle
351,idle
367,idle
350,idle
347,idle
354,idle
342,idle
368,idle
351,idle
366,idle
368,idle
370,idle
355,idle
377,idle
368,idle
354,idle
426,idle
364,idle
368,idle
377,idle
373,idle
367,idle
377,idle
373,idle
394,idle
374,idle
396,idle
388,idle
346,idle
334,idle
361,idle
374,idle
358,idle
351,idle
339,idle
371,idle
349,idle
373,idle
400,idle
384,idle
374,idle
376,idle
383,idle
395,idle
401,idle
384,idle
384,idle
384,idle
385,idle
368,idle
377,idle
394,idle
379,idle
385,idle
394,idle
382,idle
379,idle
368,idle
396,idle
374,idle
379,idle
365,idle
399,idle
379,idle
389,idle
368,idle
403,idle
371,idle
368,idle
382,idle
382,idle
380,idle
391,idle
384,idle
370,idle
379,idle
381,idle
387,idle
391,idle
367,idle
379,idle
362,idle
389,idle
336,idle
333,idle
324,idle
346,idle
336,idle
336,idle
316,idle
306,idle
304,idle
325,idle
321,idle
316,idle
318,idle
315,idle
329,idle
311,idle
304,idle
307,idle
302,idle
318,idle
319,idle
331,idle
347,idle
336,idle
375,idle
320,idle
347,idle
351,idle
342,idle
355,idle
358,idle
336,idle
336,idle
328,idle
340,idle
346,idle
346,idle
350,idle
333,idle
332,idle
341,idle
336,idle
341,idle
367,idle
325,idle
339,idle
337,idle
340,idle
356,idle
343,idle
288,idle
323,idle
323,idle
336,idle
373,idle
375,idle
341,idle
363,idle
363,idle
370,idle
365,idle
357,idle
368,idle
347,idle
376,idle
368,idle
351,idle
368,idle
365,idle
366,idle
320,idle
368,idle
351,idle
359,idle
370,idle
371,idle
353,idle
382,idle
370,idle
349,idle
366,idle
368,idle
349,idle
315,idle
350,idle
371,idle
374,idle
320,idle
366,idle
379,idle
370,idle
363,idle
368,idle
374,idle
359,idle
368,idle
357,idle
354,idle
362,idle
368,idle
365,idle
359,idle
336,idle
370,idle
365,idle
373,idle
378,idle
372,idle
335,idle
377,idle
357,idle
368,idle
364,idle
369,idle
366,idle
368,idle
373,idle
368,idle
389,idle
357,idle
385,idle
370,idle
382,idle
327,idle
384,idle
389,idle
375,idle
379,idle
369,idle
336,idle
373,idle
386,idle
368,idle
365,idle
382,idle
375,idle
402,idle
409,idle
371,idle
383,idle
384,idle
381,idle
397,idle
390,idle
365,idle
383,idle
374,idle
377,idle
395,idle
384,idle
372,idle
378,idle
390,idle
390,idle
391,idle
396,idle
368,idle
346,idle
382,idle
382,idle
370,idle
378,idle
343,idle
370,idle
384,idle
379,idle
384,idle
372,idle
379,idle
366,idle
366,idle
393,idle
401,idle
384,idle
363,idle
384,idle
395,idle
379,idle
391,idle
367,idle
386,idle
393,idle
388,idle
395,idle
390,idle
393,idle
379,idle
397,idle
382,idle
390,idle
393,idle
385,idle
389,idle
370,idle
393,idle
395,idle
372,idle
390,idle
382,idle
402,idle
423,idle
381,idle
401,idle
412,idle
389,idle
400,idle
402,idle
384,idle
387,idle
397,idle
409,idle
374,idle
401,idle
406,idle
400,idle
399,idle
386,idle
391,idle
387,idle
400,idle
355,idle
403,idle
400,idle
411,idle
431,idle
400,idle
414,idle
395,idle
386,idle
406,idle
387,idle
400,idle
240,idle
227,idle
271,idle
242,idle
242,idle
273,idle
203,idle
285,idle
252,idle
240,idle
256,idle
259,idle
237,idle
237,idle
256,idle
246,idle
243,idle
235,idle
235,idle
208,idle
227,idle
236,idle
210,idle
198,idle
184,idle
193,idle
208,idle
143,idle
171,idle
203,idle
174,idle
179,idle
197,idle
189,idle
207,idle
198,idle
212,idle
236,idle
226,idle
240,idle
234,idle
199,idle
221,idle
243,idle
248,idle
253,idle
248,idle
267,idle
272,idle
273,idle
267,idle
256,idle
215,idle
256,idle
272,idle
256,idle
266,idle
240,idle
235,idle
246,idle
234,idle
245,idle
246,idle
240,idle
222,idle
227,idle
230,idle
257,idle
235,idle
228,idle
240,idle
236,idle
241,idle
238,idle
237,idle
238,idle
257,idle
240,idle
252,idle
231,idle
245,idle
263,idle
245,idle
270,idle
208,idle
224,idle
222,idle
245,idle
205,idle
228,idle
222,idle
223,idle
231,idle
248,idle
236,idle
222,idle
219,idle
227,idle
233,idle
246,idle
256,idle
245,idle
247,idle
230,idle
230,idle
221,idle
269,idle
237,idle
256,idle
274,idle
261,idle
271,idle
269,idle
284,idle
283,idle
258,idle
256,idle
223,idle
275,idle
275,idle
274,idle
256,idle
285,idle
274,idle
281,idle
251,idle
262,idle
242,idle
251,idle
255,idle
269,idle
278,idle
257,idle
261,idle
270,idle
256,idle
268,idle
267,idle
280,idle
285,idle
272,idle
242,idle
267,idle
254,idle
260,idle
267,idle
254,idle
253,idle
260,idle
256,idle
256,idle
279,idle
264,idle
277,idle
245,idle
275,idle
259,idle
248,idle
272,idle
263,idle
269,idle
272,idle
263,idle
272,idle
272,idle
255,idle
259,idle
262,idle
277,idle
266,idle
271,idle
252,idle
274,idle
273,idle
247,idle
259,idle
265,idle
263,idle
254,idle
265,idle
254,idle
287,idle
280,idle
281,idle
284,idle
272,idle
265,idle
276,idle
271,idle
273,idle
269,idle
284,idle
282,idle
271,idle
284,idle
288,idle
291,idle
295,idle
299,idle
280,idle
304,idle
271,idle
273,idle
272,idle
286,idle
296,idle
294,idle
293,idle
278,idle
294,idle
318,idle
290,idle
286,idle
281,idle
281,idle
287,idle
304,idle
288,idle
282,idle
285,idle
286,idle
238,idle
276,idle
282,idle
292,idle
282,idle
258,idle
294,idle
181,idle
255,idle
247,idle
241,idle
241,idle
240,idle
237,idle
221,idle
237,idle
224,idle
208,idle
210,idle
222,idle
210,idle
201,idle
222,idle
225,idle
208,idle
214,idle
245,idle
223,idle
195,idle
198,idle
239,idle
242,idle
249,idle
235,idle
246,idle
227,idle
221,idle
238,idle
222,idle
229,idle
223,idle
206,idle
238,idle
217,idle
251,idle
243,idle
237,idle
241,idle
219,idle
251,idle
240,idle
246,idle
236,idle
228,idle
244,idle
240,idle
240,idle
257,idle
255,idle
258,idle
264,idle
260,idle
250,idle
276,idle
272,idle
229,idle
222,idle
272,idle
272,idle
261,idle
251,idle
251,idle
279,idle
250,idle
240,idle
246,idle
254,idle
272,idle
272,idle
261,idle
241,idle
258,idle
277,idle
269,idle
283,idle
262,idle
224,idle
240,idle
224,idle
244,idle
234,idle
241,idle
208,idle
233,idle
236,idle
237,idle
231,idle
240,idle
226,idle
227,idle
215,idle
256,idle
253,idle
266,idle
240,idle
272,idle
230,idle
299,idle
250,idle
242,idle
246,idle
272,idle
266,idle
272,idle
262,idle
266,idle
254,idle
226,idle
240,idle
232,idle
194,idle
232,idle
226,idle
207,idle
208,idle
227,idle
217,idle
230,idle
266,idle
240,idle
225,idle
223,idle
208,idle
225,idle
230,idle
240,idle
256,idle
266,idle
252,idle
257,idle
245,idle
265,idle
254,idle
253,idle
228,idle
257,idle
276,idle
249,idle
232,idle
237,idle
233,idle
245,idle
246,idle
241,idle
197,idle
225,idle
256,idle
262,idle
256,idle
257,idle
250,idle
254,idle
255,idle
256,idle
267,idle
265,idle
279,idle
269,idle
268,idle
266,idle
279,idle
277,idle
272,idle
262,idle
251,idle
262,idle
272,idle
274,idle
279,idle
279,idle
284,idle
272,idle
263,idle
270,idle
265,idle
274,idle
246,idle
259,idle
247,idle
246,idle
249,idle
240,idle
251,idle
253,idle
251,idle
268,idle
251,idle
226,idle
225,idle
240,idle
243,idle
251,idle
245,idle
225,idle
243,idle
252,idle
229,idle
257,idle
256,idle
252,idle
246,idle
266,idle
274,idle
256,idle
258,idle
273,idle
271,idle
256,idle
255,idle
268,idle
281,idle
267,idle
272,idle
240,idle
243,idle
254,idle
273,idle
246,idle
247,idle
259,idle
299,idle
256,idle
250,idle
276,idle
256,idle
267,idle
275,idle
240,idle
242,idle
247,idle
240,idle
208,idle
256,idle
250,idle
257,idle
238,idle
249,idle
257,idle
241,idle
266,idle
260,idle
267,idle
255,idle
254,idle
263,idle
264,idle
242,idle
256,idle
259,idle
259,idle
263,idle
257,idle
218,idle
266,idle
252,idle
258,idle
254,idle
240,idle
240,idle
240,idle
267,idle
263,idle
223,idle
240,idle
229,idle
256,idle
256,idle
257,idle
255,idle
229,idle
268,idle
249,idle
241,idle
255,idle
227,idle
257,idle
256,idle
266,idle
251,idle
258,idle
232,idle
240,idle
249,idle
228,idle
208,idle
233,idle
244,idle
228,idle
247,idle
241,idle
258,idle
236,idle
238,idle
254,idle
247,idle
224,idle
242,idle
236,idle
234,idle
256,idle
238,idle
247,idle
235,idle
222,idle
227,idle
253,idle
256,idle
231,idle
235,idle
240,idle
240,idle
245,idle
256,idle
243,idle
249,idle
232,idle
249,idle
240,idle
258,idle
234,idle
247,idle
235,idle
258,idle
251,idle
240,idle
256,idle
247,idle
259,idle
244,idle
241,idle
248,idle
242,idle
260,idle
254,idle
242,idle
251,idle
256,idle
245,idle
252,idle
259,idle
244,idle
242,idle
251,idle
227,idle
240,idle
229,idle
259,idle
264,idle
208,idle
233,idle
256,idle
250,idle
237,idle
246,idle
238,idle
241,idle
235,idle
244,idle
247,idle
246,idle
250,idle
240,idle
243,idle
260,idle
240,idle
256,idle
195,idle
209,idle
223,idle
248,idle
272,idle
273,idle
245,idle
254,idle
236,idle
213,idle
227,idle
208,idle
211,idle
214,idle
230,idle
226,idle
228,idle
240,idle
213,idle
231,idle
235,idle
228,idle
230,idle
231,idle
205,idle
261,idle
221,idle
257,idle
249,idle
257,idle
258,idle
241,idle
201,idle
245,idle
259,idle
237,idle
244,idle
252,idle
240,idle
256,idle
270,idle
244,idle
267,idle
225,idle
260,idle
245,idle
252,idle
270,idle
273,idle
275,idle
237,idle
250,idle
259,idle
255,idle
251,idle
261,idle
267,idle
272,idle
247,idle
264,idle
275,idle
275,idle
256,idle
256,idle
239,idle
257,idle
255,idle
270,idle
227,idle
256,idle
239,idle
241,idle
272,idle
276,idle
264,idle
260,idle
257,idle
256,idle
272,idle
283,idle
259,idle
280,idle
283,idle
276,idle
278,idle
269,idle
260,idle
275,idle
263,idle
273,idle
272,idle
270,idle
270,idle
265,idle
269,idle
270,idle
267,idle
261,idle
275,idle
269,idle
275,idle
278,idle
253,idle
236,idle
241,idle
220,idle
242,idle
247,idle
245,idle
260,idle
237,idle
256,idle
266,idle
251,idle
265,idle
240,idle
239,idle
216,idle
242,idle
234,idle
265,idle
240,idle
239,idle
240,idle
238,idle
241,idle
240,idle
240,idle
247,idle
250,idle
252,idle
243,idle
261,idle
246,idle
263,idle
256,idle
267,idle
259,idle
260,idle
275,idle
243,idle
282,idle
278,idle
274,idle
257,idle
243,idle
247,idle
272,idle
249,idle
262,idle
251,idle
234,idle
250,idle
251,idle
237,idle
231,idle
230,idle
253,idle
232,idle
245,idle
247,idle
236,idle
254,idle
251,idle
236,idle
246,idle
246,idle
239,idle
241,idle
230,idle
243,idle
238,idle
253,idle
245,idle
248,idle
228,idle
239,idle
243,idle
246,idle
239,idle
223,idle
250,idle
251,idle
244,idle
251,idle
237,idle
244,idle
279,idle
269,idle
270,idle
272,idle
280,idle
267,idle
283,idle
269,idle
269,idle
271,idle
272,idle
263,idle
264,idle
251,idle
252,idle
288,idle
265,idle
286,idle
295,idle
289,idle
250,idle
240,idle
228,idle
257,idle
250,idle
258,idle
258,idle
271,idle
236,idle
249,idle
240,idle
256,idle
242,idle
252,idle
208,idle
226,idle
241,idle
235,idle
235,idle
246,idle
243,idle
244,idle
229,idle
446,idle
348,idle
0,idle
1661,heavy_step
640,idle
551,idle
251,idle
687,idle
3569,heavy_step
961,walking
3648,heavy_step
0,idle
0,idle
0,idle
0,idle
0,idle
0,idle
0,idle
0,idle
0,idle
0,idle
0,idle
0,idle
0,idle
0,idle
0,idle
0,idle
0,idle
0,idle
0,idle
0,idle
0,idle
80,idle
92,idle
85,idle
80,idle
91,idle
67,idle
80,idle
105,idle
111,idle
123,idle
117,idle
126,idle
126,idle
123,idle
112,idle
160,idle
147,idle
149,idle
156,idle
173,idle
168,idle
177,idle
189,idle
182,idle
195,idle
176,idle
185,idle
187,idle
192,idle
205,idle
203,idle
208,idle
241,idle
201,idle
201,idle
219,idle
241,idle
223,idle
244,idle
228,idle
229,idle
222,idle
225,idle
226,idle
240,idle
234,idle
240,idle
239,idle
246,idle
235,idle
246,idle
241,idle
241,idle
242,idle
230,idle
243,idle
239,idle
231,idle
249,idle
242,idle
240,idle
231,idle
241,idle
237,idle
286,idle
272,idle
286,idle
275,idle
289,idle
283,idle
272,idle
275,idle
289,idle
289,idle
295,idle
285,idle
309,idle
304,idle
316,idle
318,idle
302,idle
308,idle
336,idle
342,idle
341,idle
347,idle
341,idle
351,idle
342,idle
331,idle
340,idle
360,idle
340,idle
336,idle
339,idle
347,idle
336,idle
341,idle
351,idle
368,idle
355,idle
368,idle
355,idle
338,idle
336,idle
353,idle
356,idle
347,idle
335,idle
349,idle
346,idle
343,idle
352,idle
340,idle
370,idle
366,idle
378,idle
366,idle
359,idle
363,idle
350,idle
351,idle
367,idle
342,idle
359,idle
352,idle
355,idle
366,idle
368,idle
379,idle
374,idle
368,idle
394,idle
378,idle
366,idle
384,idle
367,idle
363,idle
362,idle
385,idle
368,idle
365,idle
384,idle
368,idle
386,idle
382,idle
369,idle
368,idle
385,idle
384,idle
390,idle
383,idle
378,idle
381,idle
385,idle
371,idle
381,idle
370,idle
374,idle
370,idle
379,idle
379,idle
379,idle
397,idle
383,idle
397,idle
395,idle
387,idle
378,idle
396,idle
396,idle
384,idle
386,idle
382,idle
393,idle
397,idle
390,idle
381,idle
253,idle
229,idle
235,idle
237,idle
239,idle
258,idle
265,idle
219,idle
213,idle
237,idle
251,idle
239,idle
236,idle
259,idle
240,idle
229,idle
237,idle
220,idle
222,idle
221,idle
255,idle
258,idle
263,idle
240,idle
244,idle
269,idle
248,idle
304,idle
291,idle
296,idle
290,idle
271,idle
274,idle
247,idle
275,idle
285,idle
298,idle
240,idle
240,idle
258,idle
262,idle
263,idle
259,idle
269,idle
277,idle
263,idle
273,idle
272,idle
269,idle
272,idle
276,idle
277,idle
265,idle
264,idle
250,idle
269,idle
272,idle
274,idle
273,idle
252,idle
262,idle
258,idle
273,idle
271,idle
264,idle
254,idle
267,idle
272,idle
262,idle
275,idle
257,idle
261,idle
256,idle
254,idle
266,idle
263,idle
275,idle
277,idle
241,idle
242,idle
238,idle
245,idle
245,idle
227,idle
240,idle
231,idle
247,idle
233,idle
250,idle
235,idle
243,idle
256,idle
246,idle
230,idle
235,idle
241,idle
240,idle
251,idle
269,idle
271,idle
270,idle
247,idle
272,idle
256,idle
261,idle
262,idle
263,idle
260,idle
268,idle
256,idle
266,idle
267,idle
271,idle
259,idle
256,idle
265,idle
256,idle
272,idle
266,idle
265,idle
251,idle
267,idle
245,idle
235,idle
240,idle
240,idle
245,idle
232,idle
215,idle
235,idle
230,idle
241,idle
248,idle
235,idle
240,idle
247,idle
231,idle
247,idle
245,idle
239,idle
257,idle
247,idle
243,idle
257,idle
262,idle
256,idle
257,idle
272,idle
266,idle
0,idle
411,idle
0,idle
0,idle
0,idle
0,idle
0,idle
0,idle
0,idle
0,idle
0,idle
3583,heavy_step
3472,heavy_step
3520,heavy_step
3278,heavy_step
3411,heavy_step
0,idle
0,idle
825,walking
3814,heavy_step
3951,heavy_step
3845,heavy_step
3847,heavy_step
3233,heavy_step
0,idle
0,idle
0,idle
0,idle
7,idle
29,idle
31,idle
2,idle
18,idle
23,idle
15,idle
0,idle
0,idle
0,idle
0,idle
0,idle
0,idle
0,idle
0,idle
0,idle
0,idle
0,idle
0,idle
0,idle
0,idle
0,idle
0,idle
0,idle
0,idle
0,idle
0,idle
0,idle
0,idle
0,idle
0,idle
16,idle
1,idle
56,idle
16,idle
43,idle
65,idle
44,idle
23,idle
21,idle
39,idle
39,idle
48,idle
61,idle
25,idle
0,idle
0,idle
0,idle
827,walking
3440,heavy_step
3973,heavy_step
4005,heavy_step
3990,heavy_step
3952,heavy_step
0,idle
0,idle
0,idle
0,idle
0,idle
0,idle
0,idle
0,idle
0,idle
0,idle
0,idle
0,idle
0,idle
2,idle
0,idle
0,idle
0,idle
0,idle
9,idle
24,idle
48,idle
31,idle
33,idle
22,idle
17,idle
19,idle
34,idle
9,idle
0,idle
14,idle
16,idle
35,idle
43,idle
35,idle
0,idle
0,idle
0,idle
0,idle
0,idle
0,idle
0,idle
0,idle
0,idle
0,idle
0,idle
0,idle
3,idle
0,idle
6,idle
0,idle
0,idle
16,idle
80,idle
81,idle
62,idle
52,idle
46,idle
60,idle
70,idle
48,idle
48,idle
70,idle
66,idle
80,idle
51,idle
48,idle
58,idle
80,idle
67,idle
51,idle
39,idle
63,idle
54,idle
63,idle
64,idle
80,idle
105,idle
89,idle
83,idle
97,idle
74,idle
112,idle
124,idle
87,idle
100,idle
141,idle
166,idle
106,idle
144,idle
113,idle
45,idle
50,idle
43,idle
65,idle
83,idle
66,idle
57,idle
72,idle
96,idle
87,idle
111,idle
122,idle
111,idle
122,idle
115,idle
128,idle
103,idle
109,idle
123,idle
91,idle
115,idle
100,idle
144,idle
144,idle
128,idle
123,idle
113,idle
132,idle
128,idle
105,idle
97,idle
132,idle
110,idle
111,idle
106,idle
119,idle
125,idle
128,idle
124,idle
122,idle
112,idle
129,idle
117,idle
112,idle
112,idle
126,idle
87,idle
110,idle
101,idle
118,idle
99,idle
99,idle
128,idle
116,idle
150,idle
128,idle
154,idle
174,idle
142,idle
144,idle
165,idle
169,idle
164,idle
147,idle
160,idle
152,idle
174,idle
182,idle
164,idle
169,idle
145,idle
166,idle
171,idle
177,idle
173,idle
178,idle
198,idle
179,idle
163,idle
182,idle
170,idle
164,idle
191,idle
201,idle
197,idle
193,idle
214,idle
183,idle
209,idle
194,idle
214,idle
208,idle
187,idle
201,idle
226,idle
193,idle
170,idle
165,idle
179,idle
194,idle
192,idle
176,idle
193,idle
187,idle
180,idle
176,idle
196,idle
181,idle
188,idle
166,idle
178,idle
183,idle
200,idle
197,idle
185,idle
176,idle
179,idle
190,idle
176,idle
179,idle
207,idle
208,idle
204,idle
195,idle
208,idle
178,idle
193,idle
187,idle
208,idle
180,idle
214,idle
208,idle
195,idle
200,idle
208,idle
210,idle
200,idle
192,idle
212,idle
208,idle
190,idle
198,idle
209,idle
197,idle
202,idle
201,idle
183,idle
207,idle
194,idle
216,idle
209,idle
198,idle
201,idle
153,idle
143,idle
129,idle
163,idle
189,idle
170,idle
145,idle
146,idle
241,idle
245,idle
260,idle
249,idle
262,idle
267,idle
259,idle
244,idle
257,idle
260,idle
250,idle
257,idle
270,idle
241,idle
269,idle
275,idle
274,idle
258,idle
256,idle
232,idle
178,idle
138,idle
176,idle
161,idle
194,idle
174,idle
188,idle
194,idle
208,idle
201,idle
216,idle
201,idle
204,idle
239,idle
239,idle
236,idle
238,idle
240,idle
237,idle
239,idle
231,idle
225,idle
225,idle
240,idle
249,idle
249,idle
239,idle
231,idle
235,idle
239,idle
227,idle
237,idle
241,idle
226,idle
225,idle
226,idle
251,idle
224,idle
231,idle
235,idle
246,idle
240,idle
228,idle
243,idle
234,idle
240,idle
240,idle
232,idle
243,idle
224,idle
219,idle
220,idle
246,idle
224,idle
222,idle
238,idle
228,idle
234,idle
232,idle
225,idle
252,idle
238,idle
221,idle
233,idle
240,idle
230,idle
253,idle
239,idle
250,idle
198,idle
198,idle
195,idle
192,idle
214,idle
209,idle
211,idle
191,idle
203,idle
214,idle
197,idle
211,idle
191,idle
204,idle
221,idle
208,idle
198,idle
208,idle
213,idle
205,idle
212,idle
218,idle
210,idle
189,idle
195,idle
199,idle
235,idle
214,idle
226,idle
206,idle
240,idle
240,idle
207,idle
212,idle
206,idle
224,idle
213,idle
228,idle
235,idle
241,idle
213,idle
243,idle
240,idle
229,idle
215,idle
235,idle
217,idle
226,idle
230,idle
231,idle
231,idle
245,idle
205,idle
238,idle
240,idle
243,idle
244,idle
245,idle
221,idle
211,idle
215,idle
243,idle
240,idle
230,idle
239,idle
220,idle
240,idle
234,idle
222,idle
240,idle
230,idle
228,idle
235,idle
240,idle
245,idle
217,idle
254,idle
226,idle
236,idle
234,idle
241,idle
224,idle
245,idle
226,idle
234,idle
234,idle
229,idle
220,idle
253,idle
240,idle
240,idle
238,idle
243,idle
233,idle
240,idle
225,idle
219,idle
208,idle
225,idle
237,idle
224,idle
242,idle
240,idle
238,idle
231,idle
231,idle
244,idle
258,idle
244,idle
244,idle
246,idle
242,idle
227,idle
229,idle
245,idle
254,idle
233,idle
240,idle
235,idle
243,idle
244,idle
240,idle
229,idle
246,idle
237,idle
254,idle
266,idle
263,idle
265,idle
250,idle
259,idle
243,idle
256,idle
242,idle
235,idle
251,idle
253,idle
229,idle
243,idle
238,idle
251,idle
235,idle
253,idle
266,idle
247,idle
243,idle
260,idle
269,idle
240,idle
267,idle
273,idle
240,idle
257,idle
247,idle
260,idle
259,idle
263,idle
256,idle
269,idle
263,idle
260,idle
256,idle
261,idle
254,idle
267,idle
270,idle
270,idle
258,idle
265,idle
231,idle
281,idle
292,idle
269,idle
270,idle
270,idle
279,idle
272,idle
273,idle
272,idle
282,idle
279,idle
275,idle
287,idle
292,idle
304,idle
282,idle
299,idle
300,idle
291,idle
276,idle
127,idle
116,idle
300,idle
268,idle
246,idle
257,idle
256,idle
272,idle
272,idle
279,idle
281,idle
303,idle
313,idle
305,idle
316,idle
321,idle
323,idle
314,idle
304,idle
336,idle
304,idle
311,idle
318,idle
330,idle
338,idle
341,idle
338,idle
347,idle
323,idle
340,idle
347,idle
360,idle
350,idle
370,idle
340,idle
358,idle
336,idle
363,idle
367,idle
335,idle
353,idle
361,idle
368,idle
361,idle
353,idle
377,idle
364,idle
367,idle
367,idle
366,idle
355,idle
373,idle
385,idle
374,idle
377,idle
385,idle
379,idle
378,idle
352,idle
374,idle
368,idle
382,idle
372,idle
368,idle
385,idle
389,idle
378,idle
398,idle
390,idle
393,idle
379,idle
378,idle
393,idle
390,idle
399,idle
355,idle
368,idle
378,idle
368,idle
355,idle
341,idle
381,idle
362,idle
372,idle
363,idle
368,idle
378,idle
380,idle
363,idle
369,idle
379,idle
379,idle
383,idle
399,idle
378,idle
393,idle
386,idle
351,idle
349,idle
348,idle
346,idle
350,idle
355,idle
345,idle
362,idle
353,idle
363,idle
350,idle
336,idle
340,idle
343,idle
343,idle
352,idle
336,idle
357,idle
336,idle
348,idle
372,idle
379,idle
373,idle
385,idle
374,idle
368,idle
388,idle
386,idle
389,idle
389,idle
389,idle
384,idle
381,idle
395,idle
383,idle
378,idle
371,idle
359,idle
382,idle
366,idle
368,idle
371,idle
372,idle
379,idle
371,idle
353,idle
379,idle
383,idle
365,idle
371,idle
384,idle
365,idle
372,idle
380,idle
370,idle
380,idle
368,idle
366,idle
379,idle
379,idle
390,idle
369,idle
374,idle
353,idle
366,idle
375,idle
357,idle
301,idle
321,idle
327,idle
326,idle
318,idle
276,idle
285,idle
293,idle
290,idle
276,idle
294,idle
299,idle
275,idle
292,idle
291,idle
279,idle
281,idle
303,idle
278,idle
283,idle
283,idle
293,idle
272,idle
264,idle
307,idle
295,idle
320,idle
315,idle
302,idle
261,idle
255,idle
289,idle
299,idle
274,idle
268,idle
285,idle
302,idle
286,idle
291,idle
285,idle
299,idle
293,idle
305,idle
311,idle
304,idle
313,idle
290,idle
290,idle
288,idle
307,idle
312,idle
287,idle
305,idle
291,idle
306,idle
299,idle
295,idle
297,idle
285,idle
293,idle
288,idle
304,idle
303,idle
291,idle
308,idle
308,idle
320,idle
295,idle
311,idle
307,idle
306,idle
289,idle
295,idle
298,idle
288,idle
292,idle
304,idle
322,idle
314,idle
297,idle
305,idle
304,idle
292,idle
315,idle
293,idle
304,idle
306,idle
323,idle
301,idle
306,idle
300,idle
289,idle
301,idle
289,idle
300,idle
314,idle
291,idle
303,idle
299,idle
308,idle
323,idle
315,idle
305,idle
316,idle
303,idle
291,idle
306,idle
311,idle
293,idle
301,idle
299,idle
303,idle
291,idle
299,idle
304,idle
307,idle
304,idle
310,idle
299,idle
306,idle
307,idle
297,idle
317,idle
316,idle
320,idle
315,idle
309,idle
302,idle
311,idle
301,idle
299,idle
319,idle
312,idle
305,idle
300,idle
310,idle
320,idle
311,idle
304,idle
308,idle
315,idle
311,idle
304,idle
298,idle
315,idle
282,idle
302,idle
266,idle
285,idle
240,idle
247,idle
232,idle
270,idle
285,idle
283,idle
262,idle
277,idle
257,idle
278,idle
272,idle
272,idle
278,idle
270,idle
306,idle
283,idle
300,idle
306,idle
296,idle
310,idle
303,idle
299,idle
291,idle
316,idle
304,idle
310,idle
316,idle
304,idle
315,idle
295,idle
303,idle
301,idle
311,idle
306,idle
311,idle
305,idle
316,idle
314,idle
300,idle
301,idle
314,idle
317,idle
304,idle
311,idle
304,idle
303,idle
293,idle
297,idle
293,idle
302,idle
314,idle
284,idle
303,idle
304,idle
320,idle
317,idle
294,idle
316,idle
307,idle
306,idle
298,idle
293,idle
308,idle
304,idle
304,idle
306,idle
303,idle
311,idle
295,idle
293,idle
301,idle
309,idle
303,idle
315,idle
305,idle
289,idle
310,idle
291,idle
304,idle
302,idle
310,idle
304,idle
298,idle
308,idle
312,idle
320,idle
320,idle
303,idle
302,idle
304,idle
300,idle
301,idle
315,idle
297,idle
301,idle
304,idle
299,idle
302,idle
304,idle
315,idle
301,idle
294,idle
311,idle
316,idle
305,idle
316,idle
288,idle
302,idle
297,idle
308,idle
308,idle
318,idle
311,idle
317,idle
316,idle
295,idle
305,idle
309,idle
311,idle
295,idle
305,idle
304,idle
273,idle
306,idle
284,idle
295,idle
306,idle
314,idle
301,idle
304,idle
304,idle
307,idle
306,idle
313,idle
301,idle
300,idle
305,idle
308,idle
293,idle
304,idle
304,idle
308,idle
309,idle
304,idle
310,idle
299,idle
305,idle
299,idle
313,idle
306,idle
314,idle
312,idle
297,idle
304,idle
311,idle
311,idle
315,idle
290,idle
310,idle
303,idle
291,idle
300,idle
289,idle
304,idle
316,idle
300,idle
294,idle
298,idle
313,idle
308,idle
304,idle
311,idle
310,idle
314,idle
302,idle
300,idle
310,idle
304,idle
314,idle
299,idle
296,idle
304,idle
304,idle
320,idle
311,idle
313,idle
304,idle
315,idle
309,idle
313,idle
305,idle
309,idle
314,idle
301,idle
307,idle
312,idle
303,idle
304,idle
290,idle
306,idle
306,idle
294,idle
305,idle
309,idle
311,idle
301,idle
297,idle
305,idle
313,idle
313,idle
317,idle
301,idle
306,idle
304,idle
313,idle
311,idle
293,idle
318,idle
294,idle
304,idle
290,idle
304,idle
320,idle
308,idle
314,idle
309,idle
299,idle
302,idle
301,idle
315,idle
309,idle
303,idle
300,idle
316,idle
315,idle
282,idle
299,idle
259,idle
233,idle
253,idle
247,idle
240,idle
241,idle
250,idle
269,idle
273,idle
263,idle
268,idle
272,idle
271,idle
273,idle
287,idle
274,idle
278,idle
283,idle
272,idle
281,idle
283,idle
290,idle
297,idle
272,idle
289,idle
277,idle
275,idle
287,idle
270,idle
273,idle
299,idle
269,idle
286,idle
271,idle
273,idle
284,idle
265,idle
275,idle
288,idle
273,idle
272,idle
272,idle
289,idle
273,idle
299,idle
274,idle
271,idle
270,idle
281,idle
268,idle
272,idle
294,idle
250,idle
256,idle
263,idle
264,idle
258,idle
265,idle
236,idle
262,idle
256,idle
255,idle
272,idle
272,idle
259,idle
262,idle
277,idle
259,idle
263,idle
276,idle
271,idle
281,idle
274,idle
272,idle
249,idle
274,idle
261,idle
275,idle
272,idle
272,idle
234,idle
240,idle
266,idle
273,idle
254,idle
283,idle
277,idle
271,idle
284,idle
265,idle
287,idle
292,idle
274,idle
276,idle
284,idle
291,idle
279,idle
272,idle
287,idle
288,idle
256,idle
278,idle
267,idle
272,idle
293,idle
272,idle
272,idle
272,idle
276,idle
279,idle
278,idle
281,idle
290,idle
273,idle
273,idle
274,idle
290,idle
262,idle
279,idle
281,idle
272,idle
283,idle
225,idle
225,idle
238,idle
211,idle
230,idle
230,idle
254,idle
256,idle
256,idle
227,idle
261,idle
243,idle
263,idle
219,idle
259,idle
278,idle
275,idle
258,idle
272,idle
272,idle
256,idle
250,idle
271,idle
260,idle
269,idle
269,idle
243,idle
268,idle
252,idle
254,idle
268,idle
266,idle
258,idle
257,idle
236,idle
293,idle
301,idle
304,idle
291,idle
295,idle
305,idle
291,idle
289,idle
302,idle
285,idle
328,idle
336,idle
326,idle
320,idle
321,idle
319,idle
338,idle
331,idle
323,idle
380,idle
0,idle
0,idle
0,idle
0,idle
0,idle
0,idle
0,idle
0,idle
0,idle
0,idle
0,idle
0,idle
0,idle
0,idle
0,idle
0,idle
0,idle
0,idle
0,idle
0,idle
0,idle
0,idle
0,idle
0,idle
0,idle
0,idle
0,idle
0,idle
0,idle
0,idle
0,idle
0,idle
0,idle
0,idle
0,idle
0,idle
0,idle
0,idle
0,idle
0,idle
0,idle
0,idle
0,idle
0,idle
0,idle
0,idle
0,idle
0,idle
0,idle
0,idle
174,idle
177,idle
176,idle
169,idle
176,idle
144,idle
161,idle
151,idle
152,idle
166,idle
153,idle
161,idle
149,idle
160,idle
166,idle
180,idle
169,idle
170,idle
171,idle
161,idle
169,idle
165,idle
176,idle
171,idle
169,idle
162,idle
155,idle
147,idle
162,idle
147,idle
149,idle
145,idle
144,idle
161,idle
152,idle
167,idle
176,idle
186,idle
176,idle
167,idle
190,idle
139,idle
147,idle
134,idle
150,idle
148,idle
149,idle
148,idle
141,idle
135,idle
162,idle
144,idle
163,idle
167,idle
145,idle
169,idle
163,idle
161,idle
148,idle
144,idle
162,idle
119,idle
150,idle
151,idle
171,idle
157,idle
162,idle
127,idle
146,idle
146,idle
135,idle
146,idle
121,idle
133,idle
112,idle
0,idle
0,idle
0,idle
0,idle
0,idle
3435,heavy_step
3536,heavy_step
3839,heavy_step
3935,heavy_step
3876,heavy_step
3783,heavy_step
0,idle
0,idle
0,idle
0,idle
0,idle
0,idle
0,idle
0,idle
0,idle
0,idle
0,idle
0,idle
0,idle
0,idle
0,idle
0,idle
0,idle
0,idle
0,idle
0,idle
0,idle
0,idle
0,idle
0,idle
0,idle
0,idle
0,idle
0,idle
0,idle
0,idle
0,idle
0,idle
0,idle
0,idle
0,idle
0,idle
0,idle
0,idle
0,idle
0,idle
0,idle
0,idle
0,idle
0,idle
0,idle
0,idle
0,idle
0,idle
0,idle
0,idle
0,idle
0,idle
0,idle
0,idle
0,idle
0,idle
0,idle
0,idle
0,idle
0,idle
0,idle
0,idle
0,idle
0,idle
0,idle
0,idle
0,idle
0,idle
0,idle
0,idle
0,idle
0,idle
0,idle
0,idle
0,idle
0,idle
0,idle
0,idle
0,idle
0,idle
0,idle
0,idle
0,idle
0,idle
0,idle
0,idle
0,idle
0,idle
0,idle
0,idle
0,idle
0,idle
0,idle
0,idle
0,idle
0,idle
0,idle
0,idle
0,idle
0,idle
0,idle
0,idle
6,idle
16,idle
60,idle
80,idle
66,idle
22,idle
80,idle
64,idle
48,idle
55,idle
70,idle
61,idle
76,idle
70,idle
80,idle
60,idle
80,idle
74,idle
66,idle
66,idle
63,idle
61,idle
49,idle
55,idle
67,idle
64,idle
59,idle
66,idle
67,idle
74,idle
74,idle
67,idle
59,idle
73,idle
64,idle
65,idle
65,idle
64,idle
75,idle
57,idle
48,idle
48,idle
63,idle
76,idle
54,idle
106,idle
78,idle
72,idle
89,idle
36,idle
31,idle
48,idle
55,idle
45,idle
64,idle
47,idle
23,idle
27,idle
38,idle
59,idle
48,idle
82,idle
101,idle
76,idle
80,idle
43,idle
59,idle
43,idle
61,idle
70,idle
71,idle
27,idle
47,idle
95,idle
97,idle
81,idle
65,idle
100,idle
112,idle
99,idle
75,idle
86,idle
53,idle
57,idle
31,idle
67,idle
98,idle
66,idle
48,idle
64,idle
77,idle
50,idle
65,idle
81,idle
93,idle
28,idle
86,idle
90,idle
71,idle
46,idle
80,idle
80,idle
97,idle
109,idle
89,idle
97,idle
94,idle
83,idle
89,idle
112,idle
100,idle
80,idle
107,idle
92,idle
112,idle
111,idle
0,idle
99,idle
112,idle
113,idle
106,idle
107,idle
103,idle
96,idle
95,idle
95,idle
96,idle
95,idle
82,idle
87,idle
109,idle
79,idle
112,idle
137,idle
128,idle
122,idle
144,idle
123,idle
125,idle
155,idle
155,idle
135,idle
143,idle
144,idle
153,idle
144,idle
135,idle
131,idle
146,idle
145,idle
140,idle
135,idle
147,idle
163,idle
170,idle
175,idle
186,idle
175,idle
181,idle
184,idle
200,idle
197,idle
190,idle
189,idle
193,idle
200,idle
197,idle
190,idle
200,idle
203,idle
198,idle
203,idle
195,idle
209,idle
194,idle
195,idle
195,idle
203,idle
183,idle
208,idle
206,idle
195,idle
189,idle
201,idle
195,idle
199,idle
190,idle
195,idle
198,idle
201,idle
194,idle
201,idle
192,idle
190,idle
203,idle
208,idle
204,idle
208,idle
192,idle
194,idle
201,idle
205,idle
197,idle
192,idle
207,idle
192,idle
192,idle
207,idle
202,idle
212,idle
196,idle
208,idle
205,idle
206,idle
197,idle
208,idle
224,idle
213,idle
208,idle
197,idle
208,idle
208,idle
207,idle
195,idle
215,idle
208,idle
195,idle
203,idle
205,idle
219,idle
206,idle
203,idle
218,idle
198,idle
211,idle
203,idle
217,idle
227,idle
211,idle
234,idle
214,idle
234,idle
231,idle
240,idle
214,idle
218,idle
240,idle
241,idle
234,idle
215,idle
223,idle
237,idle
207,idle
240,idle
223,idle
221,idle
230,idle
224,idle
227,idle
222,idle
236,idle
225,idle
220,idle
245,idle
241,idle
203,idle
231,idle
234,idle
224,idle
213,idle
227,idle
226,idle
225,idle
236,idle
242,idle
248,idle
235,idle
240,idle
213,idle
239,idle
238,idle
219,idle
226,idle
235,idle
227,idle
228,idle
242,idle
208,idle
248,idle
208,idle
220,idle
240,idle
242,idle
222,idle
232,idle
235,idle
254,idle
235,idle
234,idle
215,idle
228,idle
237,idle
227,idle
209,idle
213,idle
211,idle
208,idle
238,idle
225,idle
226,idle
218,idle
222,idle
216,idle
224,idle
224,idle
215,idle
224,idle
229,idle
208,idle
242,idle
234,idle
211,idle
226,idle
227,idle
237,idle
224,idle
209,idle
219,idle
229,idle
219,idle
236,idle
222,idle
232,idle
237,idle
219,idle
229,idle
208,idle
222,idle
229,idle
222,idle
217,idle
231,idle
215,idle
223,idle
219,idle
219,idle
243,idle
213,idle
231,idle
231,idle
235,idle
224,idle
213,idle
215,idle
211,idle
225,idle
219,idle
219,idle
215,idle
211,idle
234,idle
224,idle
211,idle
216,idle
211,idle
225,idle
208,idle
230,idle
208,idle
218,idle
223,idle
208,idle
210,idle
227,idle
211,idle
195,idle
208,idle
208,idle
194,idle
214,idle
190,idle
192,idle
203,idle
234,idle
215,idle
212,idle
231,idle
227,idle
227,idle
223,idle
208,idle
227,idle
237,idle
227,idle
221,idle
227,idle
217,idle
218,idle
222,idle
223,idle
226,idle
214,idle
227,idle
239,idle
219,idle
224,idle
243,idle
237,idle
239,idle
242,idle
226,idle
240,idle
240,idle
244,idle
240,idle
236,idle
247,idle
222,idle
238,idle
240,idle
240,idle
214,idle
208,idle
223,idle
217,idle
227,idle
244,idle
230,idle
233,idle
223,idle
230,idle
239,idle
239,idle
218,idle
231,idle
252,idle
241,idle
221,idle
242,idle
221,idle
211,idle
228,idle
233,idle
241,idle
245,idle
254,idle
243,idle
257,idle
241,idle
240,idle
264,idle
231,idle
240,idle
253,idle
236,idle
256,idle
241,idle
245,idle
244,idle
240,idle
243,idle
233,idle
240,idle
256,idle
242,idle
244,idle
240,idle
235,idle
251,idle
237,idle
241,idle
259,idle
249,idle
242,idle
254,idle
241,idle
246,idle
247,idle
237,idle
250,idle
235,idle
234,idle
240,idle
233,idle
242,idle
249,idle
234,idle
242,idle
235,idle
239,idle
235,idle
242,idle
240,idle
239,idle
255,idle
262,idle
239,idle
256,idle
239,idle
236,idle
248,idle
258,idle
240,idle
239,idle
245,idle
235,idle
242,idle
257,idle
251,idle
238,idle
247,idle
236,idle
234,idle
262,idle
259,idle
240,idle
247,idle
247,idle
235,idle
238,idle
247,idle
234,idle
240,idle
243,idle
234,idle
226,idle
248,idle
258,idle
256,idle
239,idle
247,idle
233,idle
245,idle
240,idle
250,idle
257,idle
243,idle
231,idle
251,idle
243,idle
251,idle
254,idle
246,idle
245,idle
257,idle
258,idle
241,idle
243,idle
250,idle
239,idle
257,idle
231,idle
251,idle
258,idle
259,idle
238,idle
238,idle
243,idle
255,idle
232,idle
246,idle
247,idle
252,idle
253,idle
229,idle
241,idle
240,idle
257,idle
255,idle
248,idle
251,idle
243,idle
235,idle
221,idle
231,idle
267,idle
241,idle
251,idle
255,idle
253,idle
247,idle
256,idle
256,idle
240,idle
255,idle
263,idle
256,idle
237,idle
256,idle
260,idle
249,idle
246,idle
272,idle
272,idle
250,idle
256,idle
268,idle
264,idle
272,idle
272,idle
262,idle
270,idle
266,idle
269,idle
266,idle
271,idle
257,idle
251,idle
248,idle
270,idle
267,idle
270,idle
255,idle
258,idle
258,idle
258,idle
254,idle
259,idle
262,idle
266,idle
267,idle
244,idle
262,idle
255,idle
267,idle
270,idle
275,idle
246,idle
247,idle
253,idle
258,idle
241,idle
266,idle
194,idle
206,idle
128,idle
184,idle
178,idle
175,idle
170,idle
169,idle
183,idle
175,idle
176,idle
173,idle
159,idle
170,idle
178,idle
159,idle
169,idle
150,idle
176,idle
177,idle
173,idle
178,idle
177,idle
176,idle
176,idle
160,idle
157,idle
174,idle
160,idle
158,idle
144,idle
158,idle
160,idle
167,idle
176,idle
174,idle
174,idle
157,idle
176,idle
157,idle
165,idle
166,idle
155,idle
175,idle
166,idle
182,idle
171,idle
231,idle
155,idle
162,idle
147,idle
144,idle
167,idle
161,idle
137,idle
171,idle
176,idle
189,idle
170,idle
192,idle
176,idle
182,idle
169,idle
142,idle
194,idle
171,idle
175,idle
201,idle
208,idle
193,idle
176,idle
171,idle
182,idle
187,idle
201,idle
178,idle
169,idle
173,idle
170,idle
172,idle
178,idle
117,idle
176,idle
168,idle
165,idle
164,idle
175,idle
185,idle
175,idle
171,idle
180,idle
174,idle
167,idle
170,idle
181,idle
167,idle
176,idle
162,idle
182,idle
185,idle
175,idle
161,idle
176,idle
175,idle
168,idle
164,idle
176,idle
161,idle
176,idle
168,idle
162,idle
154,idle
173,idle
169,idle
167,idle
165,idle
162,idle
164,idle
162,idle
170,idle
162,idle
171,idle
176,idle
175,idle
144,idle
159,idle
155,idle
162,idle
149,idle
157,idle
149,idle
164,idle
167,idle
146,idle
146,idle
159,idle
162,idle
139,idle
179,idle
169,idle
144,idle
163,idle
163,idle
160,idle
166,idle
157,idle
157,idle
170,idle
171,idle
134,idle
161,idle
176,idle
147,idle
157,idle
157,idle
149,idle
182,idle
163,idle
146,idle
158,idle
172,idle
175,idle
189,idle
153,idle
157,idle
183,idle
183,idle
187,idle
185,idle
185,idle
179,idle
181,idle
178,idle
187,idle
179,idle
176,idle
172,idle
188,idle
190,idle
176,idle
182,idle
194,idle
186,idle
193,idle
179,idle
198,idle
186,idle
198,idle
195,idle
183,idle
208,idle
179,idle
198,idle
202,idle
176,idle
175,idle
198,idle
207,idle
188,idle
193,idle
197,idle
189,idle
199,idle
181,idle
176,idle
179,idle
175,idle
167,idle
181,idle
176,idle
187,idle
192,idle
165,idle
179,idle
178,idle
177,idle
204,idle
181,idle
194,idle
186,idle
193,idle
206,idle
207,idle
186,idle
193,idle
174,idle
203,idle
203,idle
204,idle
194,idle
191,idle
192,idle
208,idle
182,idle
182,idle
178,idle
187,idle
193,idle
199,idle
189,idle
192,idle
195,idle
199,idle
208,idle
207,idle
183,idle
178,idle
199,idle
186,idle
178,idle
196,idle
198,idle
178,idle
193,idle
172,idle
185,idle
193,idle
194,idle
158,idle
162,idle
176,idle
192,idle
183,idle
163,idle
194,idle
181,idle
195,idle
207,idle
173,idle
175,idle
173,idle
178,idle
177,idle
175,idle
202,idle
208,idle
176,idle
237,idle
226,idle
219,idle
234,idle
234,idle
229,idle
222,idle
224,idle
215,idle
218,idle
207,idle
244,idle
241,idle
210,idle
230,idle
228,idle
226,idle
155,idle
176,idle
196,idle
193,idle
176,idle
186,idle
180,idle
194,idle
144,idle
149,idle
179,idle
177,idle
198,idle
197,idle
195,idle
193,idle
195,idle
178,idle
210,idle
180,idle
191,idle
189,idle
183,idle
189,idle
183,idle
172,idle
186,idle
211,idle
198,idle
176,idle
191,idle
183,idle
179,idle
190,idle
187,idle
193,idle
189,idle
190,idle
208,idle
201,idle
203,idle
205,idle
205,idle
204,idle
195,idle
201,idle
195,idle
190,idle
192,idle
194,idle
194,idle
202,idle
203,idle
198,idle
191,idle
214,idle
213,idle
208,idle
187,idle
193,idle
183,idle
162,idle
251,idle
203,idle
214,idle
207,idle
200,idle
208,idle
189,idle
208,idle
187,idle
198,idle
208,idle
202,idle
209,idle
211,idle
223,idle
228,idle
240,idle
226,idle
236,idle
202,idle
224,idle
208,idle
215,idle
223,idle
204,idle
218,idle
201,idle
200,idle
194,idle
225,idle
225,idle
186,idle
225,idle
205,idle
207,idle
192,idle
201,idle
208,idle
217,idle
219,idle
199,idle
225,idle
206,idle
191,idle
197,idle
208,idle
190,idle
193,idle
193,idle
228,idle
197,idle
208,idle
219,idle
201,idle
206,idle
208,idle
190,idle
208,idle
167,idle
213,idle
202,idle
192,idle
191,idle
203,idle
188,idle
208,idle
197,idle
209,idle
193,idle
192,idle
208,idle
185,idle
194,idle
206,idle
193,idle
144,idle
186,idle
208,idle
203,idle
218,idle
199,idle
208,idle
218,idle
207,idle
217,idle
211,idle
221,idle
200,idle
193,idle
207,idle
208,idle
215,idle
218,idle
211,idle
209,idle
230,idle
194,idle
196,idle
189,idle
197,idle
206,idle
212,idle
199,idle
188,idle
194,idle
189,idle
198,idle
199,idle
192,idle
211,idle
192,idle
214,idle
182,idle
192,idle
225,idle
228,idle
205,idle
209,idle
182,idle
199,idle
206,idle
170,idle
208,idle
193,idle
207,idle
210,idle
203,idle
223,idle
200,idle
191,idle
183,idle
196,idle
220,idle
209,idle
210,idle
216,idle
219,idle
208,idle
215,idle
217,idle
218,idle
194,idle
206,idle
203,idle
219,idle
219,idle
224,idle
221,idle
209,idle
213,idle
219,idle
208,idle
197,idle
209,idle
219,idle
219,idle
210,idle
202,idle
203,idle
202,idle
208,idle
210,idle
208,idle
198,idle
209,idle
209,idle
191,idle
202,idle
210,idle
210,idle
202,idle
240,idle
219,idle
208,idle
208,idle
198,idle
229,idle
201,idle
208,idle
203,idle
226,idle
212,idle
208,idle
211,idle
210,idle
201,idle
209,idle
203,idle
215,idle
208,idle
208,idle
216,idle
224,idle
203,idle
199,idle
215,idle
223,idle
207,idle
199,idle
196,idle
225,idle
207,idle
230,idle
211,idle
226,idle
209,idle
199,idle
214,idle
213,idle
194,idle
195,idle
219,idle
208,idle
193,idle
183,idle
192,idle
208,idle
202,idle
203,idle
188,idle
208,idle
201,idle
203,idle
211,idle
203,idle
209,idle
193,idle
161,idle
201,idle
210,idle
191,idle
216,idle
210,idle
203,idle
213,idle
191,idle
195,idle
204,idle
215,idle
208,idle
179,idle
196,idle
199,idle
211,idle
215,idle
202,idle
219,idle
213,idle
208,idle
225,idle
227,idle
208,idle
212,idle
197,idle
220,idle
198,idle
205,idle
206,idle
193,idle
209,idle
219,idle
190,idle
223,idle
200,idle
213,idle
208,idle
213,idle
209,idle
233,idle
182,idle
212,idle
219,idle
203,idle
175,idle
203,idle
159,idle
191,idle
177,idle
161,idle
196,idle
201,idle
182,idle
190,idle
193,idle
192,idle
203,idle
185,idle
183,idle
190,idle
203,idle
185,idle
180,idle
176,idle
195,idle
193,idle
186,idle
206,idle
178,idle
183,idle
181,idle
175,idle
179,idle
191,idle
185,idle
186,idle
186,idle
186,idle
190,idle
195,idle
195,idle
207,idle
191,idle
203,idle
182,idle
198,idle
198,idle
207,idle
204,idle
199,idle
199,idle
208,idle
189,idle
187,idle
197,idle
203,idle
191,idle
197,idle
190,idle
201,idle
199,idle
176,idle
186,idle
188,idle
202,idle
199,idle
208,idle
202,idle
198,idle
208,idle
199,idle
208,idle
193,idle
208,idle
217,idle
211,idle
185,idle
218,idle
178,idle
199,idle
206,idle
211,idle
202,idle
211,idle
205,idle
210,idle
200,idle
207,idle
208,idle
211,idle
219,idle
191,idle
188,idle
214,idle
198,idle
202,idle
208,idle
206,idle
208,idle
208,idle
207,idle
195,idle
214,idle
195,idle
175,idle
207,idle
194,idle
208,idle
195,idle
202,idle
205,idle
198,idle
190,idle
199,idle
189,idle
205,idle
190,idle
200,idle
194,idle
207,idle
189,idle
199,idle
203,idle
187,idle
194,idle
197,idle
186,idle
201,idle
190,idle
205,idle
210,idle
199,idle
183,idle
199,idle
186,idle
192,idle
205,idle
192,idle
187,idle
207,idle
193,idle
183,idle
183,idle
204,idle
217,idle
182,idle
188,idle
219,idle
199,idle
208,idle
192,idle
195,idle
173,idle
173,idle
178,idle
195,idle
195,idle
178,idle
204,idle
186,idle
192,idle
193,idle
197,idle
194,idle
177,idle
176,idle
179,idle
202,idle
209,idle
215,idle
191,idle
193,idle
193,idle
226,idle
204,idle
209,idle
195,idle
209,idle
210,idle
205,idle
181,idle
201,idle
194,idle
190,idle
208,idle
202,idle
203,idle
217,idle
213,idle
194,idle
208,idle
197,idle
189,idle
211,idle
207,idle
197,idle
214,idle
199,idle
201,idle
194,idle
198,idle
179,idle
210,idle
207,idle
208,idle
195,idle
187,idle
208,idle
215,idle
201,idle
193,idle
202,idle
189,idle
208,idle
208,idle
208,idle
203,idle
199,idle
209,idle
199,idle
198,idle
187,idle
178,idle
190,idle
190,idle
151,idle
139,idle
163,idle
146,idle
161,idle
141,idle
144,idle
148,idle
176,idle
166,idle
174,idle
175,idle
160,idle
151,idle
165,idle
147,idle
175,idle
171,idle
158,idle
177,idle
153,idle
150,idle
158,idle
157,idle
170,idle
178,idle
171,idle
163,idle
166,idle
170,idle
176,idle
166,idle
163,idle
160,idle
177,idle
160,idle
165,idle
176,idle
153,idle
172,idle
163,idle
171,idle
157,idle
167,idle
170,idle
178,idle
182,idle
173,idle
171,idle
165,idle
167,idle
176,idle
167,idle
174,idle
174,idle
166,idle
149,idle
167,idle
166,idle
154,idle
176,idle
184,idle
187,idle
179,idle
143,idle
158,idle
174,idle
173,idle
170,idle
191,idle
211,idle
197,idle
183,idle
190,idle
192,idle
203,idle
203,idle
198,idle
188,idle
187,idle
195,idle
194,idle
198,idle
182,idle
192,idle
183,idle
182,idle
198,idle
182,idle
192,idle
185,idle
187,idle
187,idle
201,idle
190,idle
198,idle
202,idle
197,idle
186,idle
202,idle
201,idle
197,idle
197,idle
211,idle
203,idle
208,idle
201,idle
205,idle
185,idle
189,idle
208,idle
193,idle
187,idle
177,idle
169,idle
173,idle
197,idle
198,idle
179,idle
201,idle
163,idle
592,idle
293,idle
0,idle
0,idle
0,idle
0,idle
0,idle
0,idle
0,idle
0,idle
0,idle
0,idle
0,idle
0,idle
0,idle
0,idle
0,idle
0,idle
0,idle
0,idle
0,idle
0,idle
0,idle
0,idle
0,idle
0,idle
0,idle
0,idle
107,idle
418,idle
606,idle
687,idle
594,idle
487,idle
0,idle
79,idle
3524,heavy_step
0,idle
0,idle
0,idle
610,idle
737,walking
846,walking
1214,walking
1926,heavy_step
2304,heavy_step
1002,walking
903,walking
641,idle
0,idle
0,idle
0,idle
0,idle
0,idle
0,idle
0,idle
0,idle
0,idle
0,idle
0,idle
0,idle
0,idle
0,idle
0,idle
0,idle
0,idle
0,idle
0,idle
0,idle
0,idle
0,idle
0,idle
0,idle
0,idle
0,idle
0,idle
0,idle
0,idle
0,idle
0,idle
0,idle
0,idle
0,idle
0,idle
0,idle
0,idle
0,idle
0,idle
0,idle
0,idle
0,idle
0,idle
0,idle
0,idle
0,idle
0,idle
0,idle
0,idle
0,idle
0,idle
0,idle
0,idle
0,idle
0,idle
0,idle
0,idle
0,idle
0,idle
0,idle
0,idle
0,idle
0,idle
0,idle
0,idle
0,idle
0,idle
0,idle
0,idle
0,idle
0,idle
0,idle
0,idle
0,idle
0,idle
0,idle
0,idle
0,idle
0,idle
0,idle
0,idle
0,idle
0,idle
0,idle
0,idle
0,idle
0,idle
0,idle
0,idle
0,idle
0,idle
0,idle
0,idle
0,idle
0,idle
0,idle
0,idle
0,idle
0,idle
0,idle
0,idle
0,idle
0,idle
0,idle
0,idle
0,idle
0,idle
0,idle
0,idle
0,idle
0,idle
0,idle
0,idle
0,idle
0,idle
0,idle
0,idle
0,idle
0,idle
0,idle
0,idle
0,idle
0,idle
0,idle
0,idle
0,idle
0,idle
0,idle
0,idle
0,idle
0,idle
0,idle
0,idle
0,idle
0,idle
0,idle
0,idle
0,idle
0,idle
0,idle
0,idle
0,idle
0,idle
0,idle
0,idle
0,idle
0,idle
0,idle
0,idle
0,idle
0,idle
0,idle
2,idle
0,idle
1,idle
11,idle
30,idle
21,idle
31,idle
31,idle
12,idle
51,idle
46,idle
49,idle
66,idle
62,idle
71,idle
49,idle
80,idle
70,idle
59,idle
74,idle
62,idle
50,idle
65,idle
54,idle
55,idle
65,idle
75,idle
59,idle
50,idle
63,idle
78,idle
48,idle
69,idle
64,idle
64,idle
76,idle
61,idle
89,idle
89,idle
80,idle
84,idle
76,idle
80,idle
70,idle
91,idle
80,idle
75,idle
82,idle
90,idle
69,idle
93,idle
71,idle
64,idle
73,idle
55,idle
71,idle
100,idle
110,idle
78,idle
100,idle
99,idle
95,idle
89,idle
84,idle
75,idle
67,idle
96,idle
94,idle
73,idle
98,idle
68,idle
80,idle
96,idle
83,idle
63,idle
60,idle
66,idle
69,idle
74,idle
93,idle
86,idle
70,idle
100,idle
69,idle
83,idle
71,idle
81,idle
85,idle
86,idle
96,idle
93,idle
111,idle
109,idle
106,idle
123,idle
103,idle
121,idle
109,idle
118,idle
122,idle
129,idle
112,idle
125,idle
115,idle
104,idle
64,idle
71,idle
90,idle
80,idle
65,idle
80,idle
77,idle
91,idle
80,idle
80,idle
90,idle
90,idle
80,idle
66,idle
80,idle
80,idle
74,idle
70,idle
73,idle
0,idle
0,idle
3021,heavy_step
2242,heavy_step
2207,heavy_step
1620,heavy_step
0,idle
0,idle
0,idle
0,idle
0,idle
0,idle
0,idle
0,idle
0,idle
0,idle
0,idle
0,idle
0,idle
0,idle
0,idle
0,idle
0,idle
0,idle
0,idle
0,idle
0,idle
0,idle
0,idle
9,idle
27,idle
18,idle
29,idle
16,idle
17,idle
9,idle
0,idle
16,idle
11,idle
16,idle
81,idle
83,idle
103,idle
116,idle
117,idle
121,idle
112,idle
121,idle
98,idle
90,idle
110,idle
107,idle
119,idle
118,idle
106,idle
112,idle
92,idle
98,idle
86,idle
112,idle
112,idle
94,idle
125,idle
106,idle
107,idle
123,idle
107,idle
128,idle
98,idle
114,idle
131,idle
122,idle
134,idle
102,idle
125,idle
130,idle
115,idle
115,idle
128,idle
115,idle
145,idle
123,idle
118,idle
112,idle
127,idle
117,idle
141,idle
135,idle
128,idle
139,idle
142,idle
128,idle
129,idle
142,idle
129,idle
128,idle
121,idle
134,idle
121,idle
128,idle
128,idle
141,idle
122,idle
146,idle
143,idle
121,idle
127,idle
137,idle
127,idle
136,idle
134,idle
138,idle
155,idle
179,idle
207,idle
209,idle
223,idle
214,idle
217,idle
219,idle
219,idle
219,idle
215,idle
223,idle
227,idle
225,idle
235,idle
228,idle
238,idle
221,idle
240,idle
219,idle
237,idle
231,idle
264,idle
240,idle
256,idle
272,idle
275,idle
273,idle
299,idle
272,idle
286,idle
283,idle
287,idle
279,idle
282,idle
276,idle
284,idle
274,idle
284,idle
263,idle
273,idle
287,idle
279,idle
272,idle
273,idle
288,idle
262,idle
283,idle
276,idle
282,idle
275,idle
272,idle
289,idle
291,idle
273,idle
289,idle
302,idle
274,idle
281,idle
298,idle
301,idle
290,idle
292,idle
294,idle
295,idle
285,idle
293,idle
283,idle
274,idle
299,idle
282,idle
277,idle
290,idle
277,idle
291,idle
290,idle
295,idle
285,idle
281,idle
290,idle
292,idle
291,idle
291,idle
280,idle
290,idle
305,idle
293,idle
285,idle
289,idle
287,idle
287,idle
282,idle
286,idle
302,idle
302,idle
282,idle
285,idle
277,idle
299,idle
304,idle
288,idle
289,idle
292,idle
300,idle
299,idle
282,idle
294,idle
297,idle
297,idle
301,idle
297,idle
311,idle
291,idle
304,idle
303,idle
277,idle
315,idle
290,idle
291,idle
301,idle
284,idle
286,idle
297,idle
290,idle
301,idle
297,idle
286,idle
304,idle
304,idle
289,idle
304,idle
299,idle
290,idle
286,idle
309,idle
294,idle
291,idle
304,idle
289,idle
302,idle
302,idle
307,idle
303,idle
303,idle
296,idle
293,idle
304,idle
295,idle
304,idle
303,idle
281,idle
295,idle
287,idle
302,idle
302,idle
291,idle
304,idle
305,idle
295,idle
288,idle
291,idle
294,idle
298,idle
295,idle
363,idle
359,idle
376,idle
369,idle
371,idle
368,idle
355,idle
374,idle
374,idle
357,idle
374,idle
368,idle
346,idle
366,idle
359,idle
342,idle
368,idle
334,idle
351,idle
331,idle
337,idle
336,idle
272,idle
288,idle
288,idle
271,idle
281,idle
284,idle
271,idle
303,idle
302,idle
302,idle
323,idle
329,idle
376,idle
370,idle
375,idle
335,idle
358,idle
388,idle
367,idle
370,idle
368,idle
367,idle
355,idle
347,idle
362,idle
333,idle
354,idle
354,idle
368,idle
380,idle
327,idle
352,idle
357,idle
368,idle
330,idle
355,idle
337,idle
368,idle
379,idle
326,idle
331,idle
336,idle
323,idle
325,idle
369,idle
362,idle
335,idle
377,idle
368,idle
352,idle
343,idle
369,idle
368,idle
357,idle
346,idle
363,idle
368,idle
362,idle
362,idle
351,idle
355,idle
354,idle
358,idle
336,idle
349,idle
304,idle
279,idle
263,idle
300,idle
284,idle
261,idle
262,idle
271,idle
273,idle
262,idle
259,idle
254,idle
249,idle
253,idle
254,idle
245,idle
254,idle
302,idle
338,idle
339,idle
322,idle
346,idle
372,idle
330,idle
382,idle
368,idle
365,idle
379,idle
368,idle
379,idle
386,idle
375,idle
378,idle
365,idle
373,idle
363,idle
368,idle
385,idle
343,idle
362,idle
361,idle
347,idle
348,idle
348,idle
336,idle
373,idle
303,idle
305,idle
258,idle
284,idle
310,idle
323,idle
322,idle
347,idle
390,idle
304,idle
355,idle
357,idle
342,idle
339,idle
370,idle
354,idle
379,idle
365,idle
387,idle
386,idle
383,idle
348,idle
332,idle
388,idle
394,idle
379,idle
388,idle
366,idle
387,idle
371,idle
360,idle
338,idle
368,idle
368,idle
368,idle
384,idle
325,idle
374,idle
367,idle
386,idle
298,idle
389,idle
394,idle
325,idle
337,idle
368,idle
378,idle
362,idle
316,idle
324,idle
365,idle
376,idle
333,idle
319,idle
303,idle
275,idle
260,idle
299,idle
239,idle
2374,heavy_step
2965,heavy_step
2747,heavy_step
2217,heavy_step
967,walking
0,idle
997,walking
0,idle
0,idle
0,idle
187,idle
2627,heavy_step
0,idle
0,idle
0,idle
0,idle
0,idle
0,idle
0,idle
0,idle
0,idle
3541,heavy_step
3090,heavy_step
0,idle
0,idle
0,idle
0,idle
0,idle
0,idle
0,idle
0,idle
0,idle
0,idle
0,idle
0,idle
0,idle
0,idle
0,idle
0,idle
0,idle
0,idle
0,idle
0,idle
0,idle
0,idle
0,idle
0,idle
0,idle
0,idle
0,idle
0,idle
0,idle
0,idle
0,idle
0,idle
0,idle
0,idle
0,idle
0,idle
0,idle
0,idle
0,idle
0,idle
0,idle
0,idle
0,idle
0,idle
0,idle
0,idle
0,idle
0,idle
0,idle
0,idle
0,idle
0,idle
0,idle
0,idle
0,idle
0,idle
0,idle
0,idle
0,idle
0,idle
0,idle
0,idle
0,idle
0,idle
0,idle
0,idle
0,idle
0,idle
0,idle
0,idle
0,idle
0,idle
0,idle
0,idle
0,idle
0,idle
3762,heavy_step
3730,heavy_step
0,idle
902,walking
0,idle
0,idle
0,idle
0,idle
0,idle
0,idle
0,idle
0,idle
0,idle
0,idle
0,idle
0,idle
0,idle
0,idle
0,idle
0,idle
0,idle
0,idle
0,idle
0,idle
0,idle
0,idle
0,idle
0,idle
0,idle
0,idle
0,idle
0,idle
25,idle
43,idle
34,idle
370,idle
373,idle
0,idle
1358,walking
65,idle
27,idle
850,walking
0,idle
0,idle
0,idle
0,idle
0,idle
0,idle
0,idle
0,idle
0,idle
0,idle
0,idle
0,idle
0,idle
0,idle
0,idle
0,idle
0,idle
0,idle
0,idle
0,idle
0,idle
0,idle
0,idle
0,idle
0,idle
0,idle
0,idle
0,idle
0,idle
0,idle
585,idle
336,idle
0,idle
0,idle
0,idle
0,idle
32,idle
0,idle
0,idle
0,idle
0,idle
0,idle
0,idle
0,idle
0,idle
0,idle
0,idle
0,idle
0,idle
0,idle
0,idle
0,idle
281,idle
0,idle
0,idle
0,idle
0,idle
0,idle
0,idle
0,idle
0,idle
0,idle
0,idle
0,idle
0,idle
0,idle
0,idle
0,idle
0,idle
0,idle
0,idle
0,idle
0,idle
0,idle
0,idle
0,idle
0,idle
0,idle
0,idle
0,idle
0,idle
0,idle
0,idle
0,idle
0,idle
0,idle
0,idle
0,idle
0,idle
0,idle
0,idle
0,idle
0,idle
0,idle
